<linker>
	<assembly fullname="Assembly-CSharp" ignoreIfMissing="1">
		<type fullname="AllBtn">
			<method name="Close"/>
			<method name="Close"/>
			<method name="Open"/>
			<method name="Open"/>
		</type>
		<type fullname="InfoBtn">
			<method name="Close"/>
			<method name="Close"/>
			<method name="Open"/>
			<method name="Open"/>
		</type>
		<type fullname="LevelLoaderScript">
			<method name="LoadNextLevel"/>
			<method name="LoadPreviousLevel"/>
			<method name="LoadPreviousLevel"/>
			<method name="LoadPreviousLevel"/>
			<method name="LoadSameLevel"/>
			<method name="QuitGame"/>
		</type>
		<type fullname="WinLoseScript">
			<method name="CloseDialog"/>
			<method name="CloseDialog"/>
			<method name="CloseDialog"/>
			<method name="CloseDialog"/>
		</type>
	</assembly>
	<assembly fullname="Unity.RenderPipelines.Core.Runtime" ignoreIfMissing="1">
		<type fullname="UnityEngine.Rendering.UI.DebugUIHandlerIntField">
			<method name="OnDecrement"/>
			<method name="OnDecrement"/>
			<method name="OnIncrement"/>
			<method name="OnIncrement"/>
		</type>
		<type fullname="UnityEngine.Rendering.UI.DebugUIHandlerPanel">
			<method name="OnScrollbarClicked"/>
			<method name="OnScrollbarClicked"/>
			<method name="ResetDebugManager"/>
		</type>
		<type fullname="UnityEngine.Rendering.UI.DebugUIHandlerUIntField">
			<method name="OnDecrement"/>
			<method name="OnDecrement"/>
			<method name="OnIncrement"/>
			<method name="OnIncrement"/>
		</type>
	</assembly>
</linker>
